[
    {
        "departamento_id": 1,
        "municipios": [
            "Ahuachapán",
            "Apaneca",
            "Atiquizaya",
            "Concepción de Ataco",
            "El Refugio",
            "Guaymango",
            "Jujutla",
            "San Francisco Menéndez",
            "San Lorenzo",
            "San Pedro Puxtla",
            "Tacuba",
            "Turín"
        ]
    },
    {
        "departamento_id": 2,
        "municipios": [
            "Candelaria de la Frontera",
            "Chalchuapa",
            "Coatepeque",
            "El Congo",
            "El Porvenir",
            "Masahuat",
            "Metapán",
            "San Antonio Pajonal",
            "San Sebastián Salitrillo",
            "Santa Ana",
            "Santa Rosa Guachipilín",
            "Santiago de la Frontera",
            "Texistepeque"
        ]
    },
    {
        "departamento_id": 3,
        "municipios": [
            "Acajutla",
            "Armenia",
            "Caluco",
            "Cuisnahuat",
            "Izalco",
            "Juayúa",
            "Nahuizalco",
            "Nahulingo",
            "Salcoatitán",
            "San Antonio del Monte",
            "San Julián",
            "Santa Catarina Masahuat",
            "Santa Isabel Ishuatán",
            "Santo Domingo de Guzmán",
            "Sonsonate",
            "Sonzacate"
        ]
    },
    {
        "departamento_id": 4,
        "municipios": [
            "Agua Caliente",
            "Arcatao",
            "Azacualpa",
            "Chalatenango",
            "Comalapa",
            "Concepción Quezaltepeque",
            "Citalá",
            "Dulce Nombre de María",
            "El Carrizal",
            "El Paraíso",
            "La Laguna",
            "La Palma",
            "La Reina",
            "Las Vueltas",
            "Nueva Concepción",
            "Nueva Trinidad",
            "Nombre de Jesús",
            "Ojos de Agua",
            "Potonico",
            "San Antonio de la Cruz",
            "San Antonio Los Ranchos",
            "San Fernando",
            "San Francisco Lempa",
            "San Francisco Morazán",
            "San Ignacio",
            "San Isidro Labrador",
            "San José Cancasque",
            "San José Las Flores",
            "San Luis del Carmen",
            "San Miguel de Mercedes",
            "San Rafael",
            "Santa Rita",
            "Tejutla"
        ]
    },
    {
        "departamento_id": 5,
        "municipios": [
            "Antiguo Cuscatlán",
            "Chiltiupán",
            "Ciudad Arce",
            "Colón",
            "Comasagua",
            "Huizúcar",
            "Jayaque",
            "Jicalapa",
            "La Libertad",
            "Nuevo Cuscatlán",
            "Quezaltepeque",
            "San José Villanueva",
            "San Matías",
            "San Pablo Tacachico",
            "Santa Tecla",
            "Talnique",
            "Tamanique",
            "Teotepeque",
            "Tepecoyo",
            "Zaragoza"
        ]
    },
    {
        "departamento_id": 6,
        "municipios": [
            "Aguilares",
            "Apopa",
            "Ayutuxtepeque",
            "Cuscatancingo",
            "Delgado",
            "El Paisnal",
            "Guazapa",
            "Ilopango",
            "Mejicanos",
            "Nejapa",
            "Panchimalco",
            "Rosario de Mora",
            "San Marcos",
            "San Martín",
            "San Salvador",
            "Santiago Texacuangos",
            "Santo Tomás",
            "Soyapango",
            "Tonacatepeque"
        ]
    },
    {
        "departamento_id": 7,
        "municipios": [
            "Cojutepeque",
            "Candelaria",
            "El Carmen",
            "El Rosario",
            "Monte San Juan",
            "Oratorio de Concepción",
            "San Bartolomé Perulapía",
            "San Cristóbal",
            "San José Guayabal",
            "San Pedro Perulapán",
            "San Rafael Cedros",
            "San Ramón",
            "Santa Cruz Analquito",
            "Santa Cruz Michapa",
            "Suchitoto",
            "Tenancingo"
        ]
    },
    {
        "departamento_id": 8,
        "municipios": [
            "Cuyultitán",
            "El Rosario",
            "Jerusalén",
            "Mercedes La Ceiba",
            "Olocuilta",
            "Paraíso de Osorio",
            "San Antonio Masahuat",
            "San Emigdio",
            "San Francisco Chinameca",
            "San Juan Nonualco",
            "San Juan Talpa",
            "San Juan Tepezontes",
            "San Luis La Herradura",
            "San Luis Talpa",
            "San Miguel Tepezontes",
            "San Pedro Masahuat",
            "San Pedro Nonualco",
            "San Rafael Obrajuelo",
            "Santa María Ostuma",
            "Santiago Nonualco",
            "Tapalhuaca",
            "Zacatecoluca"
        ]
    },
    {
        "departamento_id": 9,
        "municipios": [
            "Cinquera",
            "Dolores",
            "Guacotecti",
            "Ilobasco",
            "Jutiapa",
            "San Isidro",
            "Sensuntepeque",
            "Tejutepeque",
            "Victoria"
        ]
    },
    {
        "departamento_id": 10,
        "municipios": [
            "Apastepeque",
            "Guadalupe",
            "San Cayetano Istepeque",
            "San Esteban Catarina",
            "San Ildefonso",
            "San Lorenzo",
            "San Sebastián",
            "San Vicente",
            "Santa Clara",
            "Santo Domingo",
            "Tecoluca",
            "Tepetitán",
            "Verapaz"
        ]
    },
    {
        "departamento_id": 11,
        "municipios": [
            "Alegría",
            "Berlín",
            "California",
            "Concepción Batres",
            "El Triunfo",
            "Ereguayquín",
            "Estanzuelas",
            "Jiquilisco",
            "Jucuapa",
            "Jucuarán",
            "Mercedes Umaña",
            "Nueva Granada",
            "Ozatlán",
            "Puerto El Triunfo",
            "San Agustín",
            "San Buenaventura",
            "San Dionisio",
            "San Francisco Javier",
            "Santa Elena",
            "Santa María",
            "Santiago de María",
            "Tecapán",
            "Usulután"
        ]
    },
    {
        "departamento_id": 12,
        "municipios": [
            "Carolina",
            "Chapeltique",
            "Chinameca",
            "Chirilagua",
            "Ciudad Barrios",
            "Comacarán",
            "El Tránsito",
            "Lolotique",
            "Moncagua",
            "Nueva Guadalupe",
            "Nuevo Edén de San Juan",
            "Quelepa",
            "San Antonio del Mosco",
            "San Gerardo",
            "San Jorge",
            "San Luis de la Reina",
            "San Miguel",
            "San Rafael Oriente",
            "Sesori",
            "Uluazapa"
        ]
    },
    {
        "departamento_id": 13,
        "municipios": [
            "Arambala",
            "Cacaopera",
            "Chilanga",
            "Corinto",
            "Delicias de Concepción",
            "El Divisadero",
            "El Rosario",
            "Gualococti",
            "Guatajiagua",
            "Joateca",
            "Jocoaitique",
            "Jocoro",
            "Lolotiquillo",
            "Meanguera",
            "Osicala",
            "Perquín",
            "San Carlos",
            "San Fernando",
            "San Francisco Gotera",
            "San Isidro",
            "San Simón",
            "Sensembra",
            "Sociedad",
            "Torola",
            "Yamabal",
            "Yoloaiquín"
        ]
    },
    {
        "departamento_id": 14,
        "municipios": [
            "Anamorós",
            "Bolívar",
            "Concepción de Oriente",
            "Conchagua",
            "El Carmen",
            "El Sauce",
            "Intipucá",
            "La Unión",
            "Lislique",
            "Meanguera del Golfo",
            "Nueva Esparta",
            "Pasaquina",
            "Polorós",
            "San Alejo",
            "San José",
            "Santa Rosa de Lima",
            "Yayantique",
            "Yucuaiquín"
        ]
    }
]